emojis,categories,category_rating,category_count,baseline_rating,total_count,rating_shift
©,Action,4.344827586206897,29,4.401459854014599,274,-0.05663226780770181
©,Comedy,4.230769230769231,26,4.401459854014599,274,-0.17069062324536777
©,Drama,4.473684210526316,38,4.401459854014599,274,0.07222435651171732
®,Action,4.78125,32,4.775,280,0.006249999999999645
®,Drama,4.785714285714286,28,4.775,280,0.010714285714285232
‼️,Drama,4.571428571428571,21,4.239130434782608,92,0.33229813664596275
☺,Action,4.916666666666667,24,4.853403141361256,191,0.0632635253054108
☺,Comedy,4.966666666666667,30,4.853403141361256,191,0.11326352530541062
☺,Drama,4.764705882352941,34,4.853403141361256,191,-0.08869725900831504
♥,Comedy,4.909090909090909,22,4.860869565217391,115,0.04822134387351795
♥,Drama,4.85,20,4.860869565217391,115,-0.010869565217391575
♥️,Drama,4.96969696969697,33,4.950413223140496,121,0.019283746556474135
❤,Action,5.0,40,4.920634920634921,441,0.07936507936507908
❤,Comedy,4.891566265060241,83,4.920634920634921,441,-0.029068655574679525
❤,Drama,4.959183673469388,98,4.920634920634921,441,0.03854875283446724
❤,Family,4.962962962962963,27,4.920634920634921,441,0.04232804232804188
❤,Sci-Fi,4.925925925925926,27,4.920634920634921,441,0.00529100529100468
❤,Thriller,4.909090909090909,22,4.920634920634921,441,-0.011544011544011745
❤️,Action,4.959595959595959,99,4.951091703056768,1145,0.008504256539191068
❤️,Animation,4.9772727272727275,44,4.951091703056768,1145,0.026181024215959248
❤️,Comedy,4.96969696969697,198,4.951091703056768,1145,0.018605266640201457
❤️,Documentary,4.888888888888889,27,4.951091703056768,1145,-0.062202814167878984
❤️,Drama,4.967078189300412,243,4.951091703056768,1145,0.015986486243643405
❤️,Family,4.9855072463768115,69,4.951091703056768,1145,0.03441554332004326
❤️,Fantasy,4.96078431372549,51,4.951091703056768,1145,0.009692610668722068
❤️,Horror,4.9,30,4.951091703056768,1145,-0.05109170305676791
❤️,Musical,4.848484848484849,33,4.951091703056768,1145,-0.10260685457191965
❤️,Romance,4.9523809523809526,42,4.951091703056768,1145,0.0012892493241842828
❤️,Sci-Fi,4.954545454545454,44,4.951091703056768,1145,0.0034537514886858744
❤️,Thriller,4.861111111111111,36,4.951091703056768,1145,-0.08998059194565755
⭐,Action,4.615384615384615,39,4.639118457300276,363,-0.023733841915660747
⭐,Comedy,4.744186046511628,43,4.639118457300276,363,0.10506758921135262
⭐,Drama,4.771428571428571,70,4.639118457300276,363,0.13231011412829563
⭐,Horror,4.7105263157894735,38,4.639118457300276,363,0.07140785848919773
⭐,Thriller,4.585365853658536,41,4.639118457300276,363,-0.053752603641739505
🌟,Action,4.392857142857143,28,4.679012345679013,162,-0.28615520282186946
🌟,Comedy,5.0,21,4.679012345679013,162,0.3209876543209873
🌟,Drama,4.809523809523809,42,4.679012345679013,162,0.13051146384479662
🍿,Action,4.872340425531915,47,4.816091954022989,348,0.0562484715089262
🍿,Comedy,4.787234042553192,47,4.816091954022989,348,-0.028857911469796882
🍿,Drama,4.796610169491525,59,4.816091954022989,348,-0.019481784531463653
🍿,Horror,4.809523809523809,42,4.816091954022989,348,-0.006568144499179418
🍿,Thriller,4.878787878787879,33,4.816091954022989,348,0.06269592476489017
🎄,Comedy,5.0,22,4.982758620689655,58,0.017241379310345195
🎥,Action,4.597560975609756,82,4.717607973421927,602,-0.12004699781217099
🎥,Comedy,4.774647887323944,71,4.717607973421927,602,0.05703991390201679
🎥,Drama,4.688172043010753,93,4.717607973421927,602,-0.029435930411174205
🎥,Family,5.0,26,4.717607973421927,602,0.28239202657807283
🎥,Horror,4.45,40,4.717607973421927,602,-0.267607973421927
🎥,Sci-Fi,4.735294117647059,34,4.717607973421927,602,0.017686144225131706
🎥,Thriller,4.53125,32,4.717607973421927,602,-0.18635797342192717
🎬,Action,4.761904761904762,21,4.817460317460317,126,-0.05555555555555536
🎬,Drama,4.869565217391305,23,4.817460317460317,126,0.052104899930987436
👌,Action,4.837209302325581,43,4.86013986013986,286,-0.022930557814278885
👌,Comedy,4.942857142857143,35,4.86013986013986,286,0.08271728271728307
👌,Drama,4.88,50,4.86013986013986,286,0.019860139860139903
👌,Horror,4.666666666666667,24,4.86013986013986,286,-0.19347319347319303
👌,Sci-Fi,4.703703703703703,27,4.86013986013986,286,-0.15643615643615671
👌,Thriller,4.555555555555555,27,4.86013986013986,286,-0.30458430458430463
👍,Action,4.900990099009901,303,4.858793969849247,1990,0.042196129160654294
👍,Adventure,4.742857142857143,35,4.858793969849247,1990,-0.11593682699210373
👍,Animation,4.9411764705882355,34,4.858793969849247,1990,0.0823825007389889
👍,Comedy,4.8559322033898304,236,4.858793969849247,1990,-0.0028617664594161596
👍,Drama,4.832835820895522,335,4.858793969849247,1990,-0.02595814895372417
👍,Family,4.898305084745763,59,4.858793969849247,1990,0.039511114896516375
👍,Fantasy,4.891891891891892,37,4.858793969849247,1990,0.0330979220426455
👍,Horror,4.7682926829268295,164,4.858793969849247,1990,-0.0905012869224171
👍,Romance,5.0,22,4.858793969849247,1990,0.1412060301507534
👍,Sci-Fi,4.775700934579439,107,4.858793969849247,1990,-0.08309303526980738
👍,Thriller,4.769230769230769,156,4.858793969849247,1990,-0.08956320061847745
👍,Western,4.857142857142857,21,4.858793969849247,1990,-0.0016511127063898456
👍🏻,Action,4.7073170731707314,41,4.865248226950355,282,-0.1579311537796233
👍🏻,Comedy,4.785714285714286,42,4.865248226950355,282,-0.07953394123606916
👍🏻,Drama,4.911111111111111,45,4.865248226950355,282,0.04586288416075668
👍🏻,Horror,4.95,20,4.865248226950355,282,0.08475177304964543
👍🏻,Thriller,4.8,25,4.865248226950355,282,-0.06524822695035493
👍🏼,Action,4.88,25,4.814285714285714,210,0.06571428571428584
👍🏼,Comedy,4.838709677419355,31,4.814285714285714,210,0.024423963133640925
👍🏼,Drama,4.755102040816326,49,4.814285714285714,210,-0.0591836734693878
👍🏼,Thriller,4.8,20,4.814285714285714,210,-0.014285714285714235
👍🏽,Drama,4.703703703703703,27,4.848484848484849,99,-0.14478114478114534
👍🏽,Thriller,4.409090909090909,22,4.848484848484849,99,-0.43939393939393945
👍🏾,Drama,4.913043478260869,23,4.75,72,0.16304347826086918
👎,Action,1.4444444444444444,27,1.523076923076923,195,-0.07863247863247858
👎,Comedy,1.7083333333333333,24,1.523076923076923,195,0.18525641025641026
👎,Drama,1.4864864864864864,37,1.523076923076923,195,-0.03659043659043659
👎,Thriller,1.2,20,1.523076923076923,195,-0.32307692307692304
👏,Drama,5.0,55,4.921686746987952,166,0.07831325301204828
👏,Horror,4.92,25,4.921686746987952,166,-0.0016867469879517927
👏,Thriller,5.0,25,4.921686746987952,166,0.07831325301204828
💕,Action,5.0,23,4.947368421052632,190,0.05263157894736814
💕,Comedy,4.933333333333334,30,4.947368421052632,190,-0.01403508771929829
💕,Drama,4.976744186046512,43,4.947368421052632,190,0.029375764993879727
💖,Comedy,4.904761904761905,21,4.955223880597015,134,-0.05046197583510992
💖,Drama,5.0,27,4.955223880597015,134,0.04477611940298498
💜,Drama,4.9,40,4.931972789115647,147,-0.03197278911564627
💯,Action,4.833333333333333,30,4.877906976744186,172,-0.044573643410853236
💯,Comedy,4.931034482758621,29,4.877906976744186,172,0.05312750601443472
💯,Drama,4.882352941176471,34,4.877906976744186,172,0.0044459644322847325
💯,Horror,4.809523809523809,21,4.877906976744186,172,-0.06838316722037696
💯,Thriller,4.95,20,4.877906976744186,172,0.0720930232558139
🔥,Drama,4.95,20,4.883333333333334,60,0.06666666666666643
😀,Action,4.85,40,4.843589743589743,390,0.0064102564102563875
😀,Comedy,4.782051282051282,78,4.843589743589743,390,-0.06153846153846132
😀,Drama,4.7846153846153845,65,4.843589743589743,390,-0.058974358974358765
😀,Family,5.0,20,4.843589743589743,390,0.15641025641025674
😀,Horror,4.833333333333333,24,4.843589743589743,390,-0.01025641025641022
😀,Sci-Fi,4.9,30,4.843589743589743,390,0.0564102564102571
😀,Thriller,4.68,25,4.843589743589743,390,-0.16358974358974354
😁,Action,4.76,75,4.8249534450651765,537,-0.06495344506517675
😁,Comedy,4.901234567901234,81,4.8249534450651765,537,0.07628112283605759
😁,Drama,4.696629213483146,89,4.8249534450651765,537,-0.1283242315820301
😁,Family,4.863636363636363,22,4.8249534450651765,537,0.038682918571186775
😁,Horror,4.7,40,4.8249534450651765,537,-0.12495344506517636
😁,Sci-Fi,4.675675675675675,37,4.8249534450651765,537,-0.1492777693895011
😁,Thriller,4.410256410256411,39,4.8249534450651765,537,-0.41469703480876596
😂,Action,4.321428571428571,56,4.607876712328767,584,-0.28644814090019555
😂,Adventure,4.090909090909091,22,4.607876712328767,584,-0.5169676214196759
😂,Animation,4.7,20,4.607876712328767,584,0.09212328767123346
😂,Comedy,4.851282051282051,195,4.607876712328767,584,0.2434053389532842
😂,Drama,4.197530864197531,81,4.607876712328767,584,-0.41034584813123587
😂,Family,4.75,32,4.607876712328767,584,0.14212328767123328
😂,Horror,4.224137931034483,58,4.607876712328767,584,-0.3837387812942836
😂,Sci-Fi,4.34375,32,4.607876712328767,584,-0.2641267123287667
😂,Thriller,4.0,51,4.607876712328767,584,-0.6078767123287667
😃,Action,4.926829268292683,41,4.8754098360655735,305,0.05141943222710932
😃,Comedy,4.835820895522388,67,4.8754098360655735,305,-0.039588940543185736
😃,Drama,4.769230769230769,52,4.8754098360655735,305,-0.10617906683480438
😃,Family,5.0,20,4.8754098360655735,305,0.12459016393442646
😃,Thriller,4.818181818181818,22,4.8754098360655735,305,-0.0572280178837552
😄,Comedy,4.9375,48,4.865979381443299,194,0.07152061855670144
😄,Drama,4.857142857142857,28,4.865979381443299,194,-0.008836524300441795
😅,Comedy,4.761904761904762,21,4.69620253164557,79,0.06570223025919208
😆,Comedy,4.823529411764706,51,4.7272727272727275,176,0.0962566844919781
😉,Action,4.72093023255814,43,4.829721362229102,323,-0.10879112967096205
😉,Comedy,4.840909090909091,44,4.829721362229102,323,0.011187728679988851
😉,Drama,4.788732394366197,71,4.829721362229102,323,-0.04098896786290496
😉,Horror,4.84,25,4.829721362229102,323,0.01027863777089788
😉,Sci-Fi,4.5,30,4.829721362229102,323,-0.329721362229102
😉,Thriller,4.90625,32,4.829721362229102,323,0.07652863777089802
😊,Action,4.798165137614679,109,4.8726899383983575,974,-0.07452480078367874
😊,Adventure,4.857142857142857,21,4.8726899383983575,974,-0.01554708125550075
😊,Animation,4.944444444444445,36,4.8726899383983575,974,0.07175450604608713
😊,Comedy,4.864864864864865,185,4.8726899383983575,974,-0.0078250735334926
😊,Drama,4.836956521739131,184,4.8726899383983575,974,-0.03573341665922669
😊,Family,4.861538461538461,65,4.8726899383983575,974,-0.01115147685989637
😊,Fantasy,4.825,40,4.8726899383983575,974,-0.047689938398357334
😊,Horror,4.903225806451613,31,4.8726899383983575,974,0.030535868053255477
😊,Romance,4.85,20,4.8726899383983575,974,-0.022689938398357867
😊,Sci-Fi,4.841269841269841,63,4.8726899383983575,974,-0.031420097128516566
😊,Thriller,4.613636363636363,44,4.8726899383983575,974,-0.2590535747619942
😍,Action,4.946428571428571,56,4.907949790794979,478,0.038478780633592
😍,Animation,4.863636363636363,22,4.907949790794979,478,-0.04431342715861586
😍,Comedy,4.881578947368421,76,4.907949790794979,478,-0.026370843426557933
😍,Drama,4.8979591836734695,98,4.907949790794979,478,-0.009990607121509676
😍,Fantasy,4.904761904761905,21,4.907949790794979,478,-0.003187886033074072
😍,Horror,4.903225806451613,31,4.907949790794979,478,-0.004723984343366183
😍,Sci-Fi,4.931034482758621,29,4.907949790794979,478,0.023084691963641824
😍,Thriller,4.852941176470588,34,4.907949790794979,478,-0.0550086143243913
😎,Action,4.877551020408164,49,4.81524926686217,341,0.06230175354599332
😎,Comedy,4.673076923076923,52,4.81524926686217,341,-0.1421723437852469
😎,Drama,4.64,50,4.81524926686217,341,-0.17524926686217057
😎,Thriller,4.541666666666667,24,4.81524926686217,341,-0.2735826001955033
😘,Drama,4.92,25,4.891891891891892,74,0.02810810810810782
😞,Action,1.92,25,2.59375,160,-0.6737500000000001
😞,Comedy,2.772727272727273,22,2.59375,160,0.17897727272727293
😞,Drama,3.259259259259259,27,2.59375,160,0.6655092592592591
😡,Action,1.5333333333333334,30,1.611353711790393,229,-0.07802037845705967
😡,Comedy,1.2380952380952381,21,1.611353711790393,229,-0.37325847369515497
😡,Drama,1.9615384615384615,26,1.611353711790393,229,0.35018474974806835
😢,Drama,3.8,35,3.1769230769230767,130,0.6230769230769231
😭,Drama,4.5,26,3.7559055118110236,127,0.7440944881889764
😳,Drama,3.4166666666666665,24,3.782051282051282,78,-0.3653846153846154
🙂,Action,4.838709677419355,31,4.739644970414201,169,0.09906470700515424
🙂,Comedy,4.619047619047619,21,4.739644970414201,169,-0.12059735136658212
🙂,Drama,4.586206896551724,29,4.739644970414201,169,-0.15343807386247654
🙄,Drama,3.1,20,2.6161616161616164,99,0.48383838383838373
🙄,Horror,2.4,20,2.6161616161616164,99,-0.21616161616161644
🤔,Drama,3.4545454545454546,22,3.7685185185185186,108,-0.313973063973064
🤗,Comedy,5.0,24,4.921428571428572,140,0.07857142857142829
🤗,Drama,5.0,31,4.921428571428572,140,0.07857142857142829
🤣,Comedy,4.9113924050632916,79,4.540650406504065,246,0.3707419985592262
🤣,Drama,3.72972972972973,37,4.540650406504065,246,-0.8109206767743355
🤣,Horror,3.7941176470588234,34,4.540650406504065,246,-0.746532759445242
🤣,Thriller,3.46875,32,4.540650406504065,246,-1.0719004065040654
🥰,Comedy,5.0,28,4.951807228915663,166,0.04819277108433706
🥰,Drama,5.0,46,4.951807228915663,166,0.04819277108433706
